<?xml version="1.0" encoding="UTF-8" standalone="yes"?>
<manifest>
  <control namespace="SectionPCF" constructor="HideSectionPCF" version="0.0.1" display-name-key="HideSectionPCF" description-key="HideSectionPCF description" control-type="standard" api-version="1.3.18">
    <external-service-usage enabled="false"/>
    <property name="toggleSection" display-name-key="Toggle Section" description-key="This is for toggle section" of-type="TwoOptions" usage="bound" required="true"/>
    <property name="sectionName" display-name-key="Section Name" description-key="This is for section Name" of-type="SingleLine.Text" usage="input" required="true"/>
    <resources>
      <code path="bundle.js" order="1"/>
    </resources>
    <feature-usage/>
    <built-by name="pac" version="1.45.2"/>
  </control>
</manifest>